{"val_f1":0.0007574225892312825,"train_loss":0.26412667632102965,"val_recall":0.0003803815634455532,"best_epoch":8,"_step":50,"_wandb":{"runtime":318},"epoch":50,"train_recall":0.520850419998169,"best_val_f1":0.07561640441417694,"_runtime":318.181509285,"_timestamp":1.7485576282797108e+09,"train_precision":0.9361476302146912,"lr":6.25e-06,"val_loss":0.9280800640583038,"train_f1":0.6693116426467896,"val_precision":0.08624708652496338}