{"val_recall":0.026413386687636375,"lr":0.000125,"train_f1":0.0638747289776802,"_timestamp":1.7485612226181355e+09,"_step":50,"train_precision":0.06538271903991699,"_runtime":319.517476132,"val_loss":0.9252507150173187,"best_val_f1":0.074840247631073,"val_f1":0.03440195694565773,"val_precision":0.049317844212055206,"_wandb":{"runtime":319},"epoch":50,"best_epoch":8,"train_loss":0.9233164489269257,"train_recall":0.06243473291397095}