{"val_loss":0.9214638113975525,"train_loss":0.919642972946167,"train_precision":0.07053753733634949,"best_val_f1":0.07675497233867645,"train_recall":0.07175959646701813,"val_recall":0.06967151165008545,"epoch":50,"val_precision":0.04460291191935539,"lr":3.125e-05,"_timestamp":1.7485724710947568e+09,"val_f1":0.05438753962516785,"_step":50,"_runtime":311.402595471,"train_f1":0.07114332169294357,"_wandb":{"runtime":311},"best_epoch":19}