{"_runtime":317.187245127,"val_recall":0.008838730864226818,"best_epoch":8,"_wandb":{"runtime":317},"val_f1":0.014024284668266773,"lr":1.5625e-05,"train_recall":0.0630345270037651,"val_loss":0.9293019533157348,"train_precision":0.08964493125677109,"val_precision":0.033931247889995575,"_step":50,"epoch":50,"train_loss":0.8883141040802002,"best_val_f1":0.074840247631073,"train_f1":0.07402077317237854,"_timestamp":1.748560261901729e+09}