{"val_loss":0.917793333530426,"val_precision":0.04986081272363663,"best_val_f1":0.07363011687994003,"train_loss":0.9269686460494995,"val_f1":0.056777290999889374,"_runtime":310.619745684,"val_recall":0.06592166423797607,"lr":0.0005,"_step":50,"train_f1":0.060439370572566986,"train_recall":0.060402337461709976,"train_precision":0.06047644838690758,"_wandb":{"runtime":310},"epoch":50,"_timestamp":1.7485731140027156e+09,"best_epoch":17}