{"epoch":50,"best_val_f1":0.07627664506435394,"best_epoch":11,"val_precision":0.03536131978034973,"train_f1":0.2866010367870331,"train_precision":0.1686822474002838,"val_loss":0.9276024341583252,"_step":50,"_timestamp":1.7485579632058916e+09,"_runtime":327.969708674,"val_f1":0.06403034180402756,"train_recall":0.9523487091064453,"val_recall":0.33832883834838867,"_wandb":{"runtime":327},"lr":1e-06,"train_loss":0.6612648665904999}