{"val_recall":0.0003906621423084289,"best_val_f1":0.07627664506435394,"val_f1":0.0007649472681805491,"_step":50,"train_loss":0.41765062510967255,"train_f1":0.9200912714004517,"_runtime":333.172446235,"val_precision":0.018247298896312714,"_wandb":{"runtime":333},"_timestamp":1.7485708270380716e+09,"val_loss":0.9297162652015686,"best_epoch":11,"lr":1.25e-06,"train_precision":0.8865159153938293,"epoch":50,"train_recall":0.9563099145889282}