{"train_loss":0.059424778819084166,"lr":1.5625e-06,"val_loss":0.9292231917381286,"_step":50,"best_epoch":11,"val_recall":0,"val_precision":0,"_timestamp":1.748574062380557e+09,"_wandb":{"runtime":310},"_runtime":310.000788216,"train_f1":0.9381152987480164,"epoch":50,"best_val_f1":0.03793938830494881,"val_f1":0,"train_recall":0.9038041830062866,"train_precision":0.9751343131065369}