{"val_precision":0.0298593919724226,"val_f1":0.007626947481185198,"_runtime":314.951922631,"_wandb":{"runtime":314},"train_f1":0.04783642664551735,"best_val_f1":0.07760463654994965,"val_loss":0.9304964482784271,"train_precision":0.0367424376308918,"val_recall":0.00437181768938899,"lr":0.000125,"epoch":50,"_step":50,"train_loss":0.941999363899231,"_timestamp":1.748560899095998e+09,"train_recall":0.06852760910987854,"best_epoch":12}