{"_timestamp":1.7485550523212044e+09,"train_precision":0.12088391184806824,"_wandb":{"runtime":319},"train_f1":0.0778462365269661,"val_recall":0.03224504739046097,"_runtime":319.322392853,"train_recall":0.0574076808989048,"best_epoch":3,"train_loss":0.9019433975219726,"epoch":50,"lr":1.5625e-05,"val_precision":0.037460364401340485,"best_val_f1":0.07369202375411987,"_step":50,"val_loss":0.9262150645256042,"val_f1":0.03465760126709938}