{"val_precision":0.018247298896312714,"val_recall":0.0003906621423084289,"train_loss":0.41765062510967255,"_step":50,"train_f1":0.9200912714004517,"val_f1":0.0007649472681805491,"lr":1.25e-06,"val_loss":0.9297162652015686,"train_precision":0.8865159153938293,"_runtime":331.400276985,"train_recall":0.9563099145889282,"epoch":50,"_wandb":{"runtime":331},"best_epoch":11,"best_val_f1":0.07627664506435394,"_timestamp":1.7485648442791865e+09}