{"best_epoch":9,"_step":50,"train_f1":0.3207350969314575,"_wandb":{"runtime":332},"train_loss":0.6809350490570069,"train_precision":0.19241075217723846,"_timestamp":1.748564174862696e+09,"best_val_f1":0.07632248848676682,"epoch":50,"val_recall":0.32180795073509216,"val_precision":0.035704489797353745,"val_f1":0.06427741795778275,"_runtime":332.371568422,"train_recall":0.9629637598991394,"lr":1e-06,"val_loss":0.9278248369693756}