{"_runtime":315.52283218,"val_precision":0.24087591469287872,"epoch":50,"best_val_f1":0.06425698101520538,"val_recall":0.00016962960944510996,"train_f1":0.6788349747657776,"val_f1":0.00033902048016898334,"_wandb":{"runtime":315},"train_recall":0.53529292345047,"train_precision":0.9275678992271423,"train_loss":0.2557020664215088,"_step":50,"_timestamp":1.7485631624267988e+09,"val_loss":0.9289145827293396,"best_epoch":4,"lr":1.25e-05}