{"_runtime":327.461550678,"val_precision":0.0298593919724226,"train_recall":0.06852760910987854,"val_recall":0.00437181768938899,"_timestamp":1.748566850425094e+09,"_step":50,"val_f1":0.007626947481185198,"train_loss":0.941999363899231,"best_epoch":12,"_wandb":{"runtime":327},"lr":0.000125,"train_f1":0.04783642664551735,"epoch":50,"best_val_f1":0.07760463654994965,"val_loss":0.9304964482784271,"train_precision":0.0367424376308918}