{"epoch":50,"_timestamp":1.7485675018702009e+09,"val_recall":0.023964038118720055,"_wandb":{"runtime":319},"train_precision":0.13743600249290466,"train_f1":0.08716817200183868,"val_loss":0.9224984645843506,"_runtime":319.489258101,"train_recall":0.06382418423891068,"val_f1":0.030556967481970787,"_step":50,"best_epoch":3,"val_precision":0.042154375463724136,"best_val_f1":0.07369202375411987,"train_loss":0.8888022005558014,"lr":0.000125}