{"val_f1":0.06480753421783447,"best_val_f1":0.07369863241910934,"train_f1":0.4410632848739624,"best_epoch":7,"val_recall":0.31915298104286194,"train_precision":0.2854466438293457,"_wandb":{"runtime":323},"train_loss":0.6820904195308686,"train_recall":0.9697297811508179,"epoch":50,"val_loss":0.9272418022155762,"val_precision":0.036065515130758286,"_timestamp":1.748564506784938e+09,"_runtime":323.512559013,"_step":50,"lr":1e-06}