{"train_precision":0.1136571541428566,"_step":50,"val_loss":0.928402841091156,"val_recall":0.36938390135765076,"_runtime":320.691584295,"train_loss":0.871762728691101,"val_precision":0.03561387583613396,"train_recall":0.9426570534706116,"_timestamp":1.7485760073719397e+09,"_wandb":{"runtime":320},"best_val_f1":0.07226934283971786,"lr":1e-06,"train_f1":0.20285576581954956,"best_epoch":15,"epoch":50,"val_f1":0.06496426463127136}