{"lr":2.5e-06,"_wandb":{"runtime":327},"_step":50,"_runtime":327.469201359,"train_loss":0.6880120635032654,"val_f1":0.06337837874889374,"val_precision":0.03505145013332367,"best_epoch":22,"val_loss":0.9278574585914612,"train_recall":0.9457164406776428,"_timestamp":1.748576673475608e+09,"train_precision":0.09519875049591064,"val_recall":0.3303588032722473,"epoch":50,"best_val_f1":0.07628116011619568,"train_f1":0.17298436164855957}