{"epoch":50,"train_f1":0.07270195335149765,"train_recall":0.07209617644548416,"_step":50,"lr":3.125e-05,"best_val_f1":0.07363011687994003,"_timestamp":1.7485721455123434e+09,"_wandb":{"runtime":315},"_runtime":315.826608261,"val_loss":0.9273017644882202,"val_recall":0.03780941292643547,"train_loss":0.9152789831161499,"train_precision":0.0733180046081543,"best_epoch":17,"val_precision":0.038888875395059586,"val_f1":0.038341548293828964}