{"train_f1":0.06012856587767601,"_wandb":{"runtime":321},"val_loss":0.930207484960556,"val_f1":0.02567223832011223,"train_precision":0.06504689902067184,"_timestamp":1.7485563425537224e+09,"val_precision":0.03618462756276131,"train_loss":0.9249692022800445,"lr":1.5625e-05,"train_recall":0.055901721119880676,"best_epoch":12,"best_val_f1":0.07760463654994965,"_step":50,"_runtime":321.54805764,"val_recall":0.019892927259206772,"epoch":50}