{"val_precision":0.038349345326423645,"_timestamp":1.7485655153600373e+09,"epoch":50,"_runtime":323.299829124,"val_recall":0.002534163650125265,"val_f1":0.004754167050123215,"train_precision":0.961083173751831,"train_f1":0.9589030146598816,"best_val_f1":0.07369863241910934,"best_epoch":7,"_step":50,"train_loss":0.1618538275361061,"_wandb":{"runtime":323},"lr":2.5e-06,"train_recall":0.9567328095436096,"val_loss":0.9292032182216644}