{"_wandb":{"runtime":337},"train_f1":0.17619484663009644,"epoch":50,"train_recall":0.8943196535110474,"val_precision":0.03583831712603569,"_runtime":337.468637466,"_step":50,"best_epoch":35,"lr":1e-06,"val_loss":0.9281214714050293,"best_val_f1":0.07523342967033386,"val_recall":0.41017213463783264,"_timestamp":1.7485756787138097e+09,"train_loss":0.8951971769332886,"train_precision":0.09772399067878723,"val_f1":0.06591719388961792}