{"val_f1":0.002601190935820341,"_wandb":{"runtime":330},"train_loss":0.4456863909959793,"best_epoch":9,"train_f1":0.9194702506065369,"_timestamp":1.7485651840134482e+09,"epoch":50,"best_val_f1":0.07632248848676682,"_runtime":330.507525878,"lr":1.25e-06,"val_recall":0.0013544667745009065,"val_precision":0.032700423151254654,"val_loss":0.9292709648609161,"_step":50,"train_precision":0.8815006613731384,"train_recall":0.9608579874038696}