{"val_recall":0.03224504739046097,"val_f1":0.03465760126709938,"_runtime":310.373695695,"train_recall":0.0574076808989048,"epoch":50,"val_precision":0.037460364401340485,"train_loss":0.9019433975219726,"train_f1":0.0778462365269661,"_step":50,"_wandb":{"runtime":310},"val_loss":0.9262150645256042,"train_precision":0.12088391184806824,"_timestamp":1.7485605793705583e+09,"best_val_f1":0.07369202375411987,"best_epoch":3,"lr":1.5625e-05}