{"best_val_f1":0.08219455927610397,"_timestamp":1.7485727972797177e+09,"_wandb":{"runtime":318},"val_precision":0.040757350623607635,"train_loss":0.922127902507782,"lr":0.000125,"_step":50,"best_epoch":8,"val_recall":0.009460706263780594,"val_f1":0.015356759540736675,"val_loss":0.9283875703811646,"_runtime":318.185680548,"train_recall":0.04810870438814163,"train_precision":0.07411174476146698,"train_f1":0.05834408476948738,"epoch":50}