{"lr":1.5625e-05,"train_loss":0.8883141040802002,"train_precision":0.08964493125677109,"val_precision":0.033931247889995575,"_runtime":315.364333765,"best_val_f1":0.074840247631073,"train_recall":0.0630345270037651,"_wandb":{"runtime":315},"val_f1":0.014024284668266773,"_step":50,"val_loss":0.9293019533157348,"epoch":50,"_timestamp":1.7485566615297008e+09,"best_epoch":8,"val_recall":0.008838730864226818,"train_f1":0.07402077317237854}