{"val_precision":0.049317844212055206,"_runtime":314.377954378,"val_recall":0.026413386687636375,"best_val_f1":0.074840247631073,"train_loss":0.9233164489269257,"val_loss":0.9252507150173187,"epoch":50,"train_precision":0.06538271903991699,"train_f1":0.0638747289776802,"_timestamp":1.7485556916373312e+09,"best_epoch":8,"train_recall":0.06243473291397095,"val_f1":0.03440195694565773,"_step":50,"_wandb":{"runtime":314},"lr":0.000125}