{"val_f1":9.72710331552662e-05,"train_loss":0.3051182866096497,"_wandb":{"runtime":325},"_timestamp":1.74856783321623e+09,"_step":50,"_runtime":325.81515299,"epoch":50,"train_recall":0.49534836411476135,"lr":1e-06,"val_recall":4.883276778855361e-05,"val_precision":0.012040557339787483,"val_loss":0.9294218778610229,"best_epoch":4,"train_precision":0.910197377204895,"train_f1":0.6415511965751648,"best_val_f1":0.07508830726146698}