{"train_loss":0.41765062510967255,"train_f1":0.9200912714004517,"_step":50,"best_val_f1":0.07627664506435394,"val_f1":0.0007649472681805491,"val_recall":0.0003906621423084289,"_runtime":324.895843064,"_wandb":{"runtime":324},"epoch":50,"val_loss":0.9297162652015686,"train_precision":0.8865159153938293,"best_epoch":11,"val_precision":0.018247298896312714,"train_recall":0.9563099145889282,"lr":1.25e-06,"_timestamp":1.748558949772812e+09}