{"val_loss":0.9294218778610229,"val_f1":9.72710331552662e-05,"epoch":50,"best_val_f1":0.07508830726146698,"best_epoch":4,"val_precision":0.012040557339787483,"_wandb":{"runtime":317},"train_precision":0.910197377204895,"_runtime":317.921563783,"train_f1":0.6415511965751648,"_step":50,"lr":1e-06,"val_recall":4.883276778855361e-05,"train_loss":0.3051182866096497,"_timestamp":1.748553022540873e+09,"train_recall":0.49534836411476135}