{"train_f1":0.0778462365269661,"train_precision":0.12088391184806824,"val_f1":0.03465760126709938,"val_recall":0.03224504739046097,"_timestamp":1.7485569853104534e+09,"_wandb":{"runtime":319},"epoch":50,"best_epoch":3,"train_recall":0.0574076808989048,"val_precision":0.037460364401340485,"_runtime":319.567826627,"train_loss":0.9019433975219726,"val_loss":0.9262150645256042,"best_val_f1":0.07369202375411987,"lr":1.5625e-05,"_step":50}