{"_wandb":{"runtime":319},"train_recall":0.06382418423891068,"_timestamp":1.7485615476648993e+09,"val_f1":0.030556967481970787,"val_loss":0.9224984645843506,"epoch":50,"train_precision":0.13743600249290466,"best_val_f1":0.07369202375411987,"val_recall":0.023964038118720055,"train_loss":0.8888022005558014,"train_f1":0.08716817200183868,"lr":0.000125,"_runtime":319.158206219,"val_precision":0.042154375463724136,"best_epoch":3,"_step":50}