{"val_recall":0.31915298104286194,"val_f1":0.06480753421783447,"_timestamp":1.748570487772175e+09,"lr":1e-06,"_step":50,"val_loss":0.9272418022155762,"_runtime":328.890790129,"train_loss":0.6820904195308686,"train_precision":0.2854466438293457,"val_precision":0.036065515130758286,"best_epoch":7,"_wandb":{"runtime":328},"train_f1":0.4410632848739624,"best_val_f1":0.07369863241910934,"epoch":50,"train_recall":0.9697297811508179}