{"val_loss":0.9294218778610229,"val_f1":9.72710331552662e-05,"_wandb":{"runtime":314},"_runtime":314.974495859,"train_precision":0.910197377204895,"_step":50,"train_loss":0.3051182866096497,"epoch":50,"val_recall":4.883276778855361e-05,"val_precision":0.012040557339787483,"best_epoch":4,"train_f1":0.6415511965751648,"_timestamp":1.7485618678293738e+09,"best_val_f1":0.07508830726146698,"train_recall":0.49534836411476135,"lr":1e-06}