{"train_f1":0.6797962784767151,"val_loss":0.9292683303356171,"val_f1":0,"val_precision":0,"train_precision":0.9207252860069275,"train_recall":0.5388054251670837,"best_epoch":4,"epoch":50,"_wandb":{"runtime":318},"lr":1.25e-05,"_step":50,"_timestamp":1.7485628400750914e+09,"val_recall":0,"train_loss":0.28018372803926467,"best_val_f1":0.07508830726146698,"_runtime":318.100399791}