{"val_loss":0.9278248369693756,"val_f1":0.06427741795778275,"best_val_f1":0.07632248848676682,"train_recall":0.9629637598991394,"lr":1e-06,"_wandb":{"runtime":322},"_runtime":322.94428973,"best_epoch":9,"_timestamp":1.7485582925154371e+09,"train_loss":0.6809350490570069,"_step":50,"train_precision":0.19241075217723846,"epoch":50,"val_recall":0.32180795073509216,"train_f1":0.3207350969314575,"val_precision":0.035704489797353745}