{"train_recall":0.055901721119880676,"_timestamp":1.74855993850692e+09,"_runtime":324.057663198,"train_precision":0.06504689902067184,"_step":50,"lr":1.5625e-05,"best_val_f1":0.07760463654994965,"val_loss":0.930207484960556,"val_precision":0.03618462756276131,"_wandb":{"runtime":324},"best_epoch":12,"val_f1":0.02567223832011223,"train_loss":0.9249692022800445,"train_f1":0.06012856587767601,"epoch":50,"val_recall":0.019892927259206772}