{"_wandb":{"runtime":322},"_runtime":322.325040004,"train_f1":0.9589030146598816,"train_recall":0.9567328095436096,"val_loss":0.9292032182216644,"best_val_f1":0.07369863241910934,"val_precision":0.038349345326423645,"val_f1":0.004754167050123215,"train_loss":0.1618538275361061,"_timestamp":1.7485596064142013e+09,"val_recall":0.002534163650125265,"best_epoch":7,"_step":50,"epoch":50,"train_precision":0.961083173751831,"lr":2.5e-06}