{"_timestamp":1.7485638343912647e+09,"train_loss":0.6612648665904999,"val_precision":0.03536131978034973,"_runtime":336.205111225,"best_val_f1":0.07627664506435394,"_wandb":{"runtime":336},"epoch":50,"lr":1e-06,"val_loss":0.9276024341583252,"train_precision":0.1686822474002838,"train_f1":0.2866010367870331,"best_epoch":11,"train_recall":0.9523487091064453,"val_recall":0.33832883834838867,"_step":50,"val_f1":0.06403034180402756}