{"train_recall":0.53529292345047,"val_precision":0.24087591469287872,"val_loss":0.9289145827293396,"_runtime":325.380152877,"_timestamp":1.748569149341821e+09,"val_f1":0.00033902048016898334,"best_epoch":4,"train_f1":0.6788349747657776,"train_precision":0.9275678992271423,"epoch":50,"best_val_f1":0.06425698101520538,"train_loss":0.2557020664215088,"val_recall":0.00016962960944510996,"_step":50,"_wandb":{"runtime":325},"lr":1.25e-05}