{"train_f1":0.08716817200183868,"train_recall":0.06382418423891068,"val_precision":0.042154375463724136,"best_val_f1":0.07369202375411987,"lr":0.000125,"best_epoch":3,"_wandb":{"runtime":316},"_timestamp":1.748556013360486e+09,"val_loss":0.9224984645843506,"epoch":50,"val_f1":0.030556967481970787,"_runtime":316.684720153,"val_recall":0.023964038118720055,"train_loss":0.8888022005558014,"_step":50,"train_precision":0.13743600249290466}