{"best_epoch":8,"train_precision":0.06538271903991699,"_timestamp":1.7485671781309268e+09,"lr":0.000125,"_runtime":320.531743849,"val_recall":0.026413386687636375,"train_f1":0.0638747289776802,"train_recall":0.06243473291397095,"epoch":50,"best_val_f1":0.074840247631073,"val_loss":0.9252507150173187,"_wandb":{"runtime":320},"val_precision":0.049317844212055206,"val_f1":0.03440195694565773,"train_loss":0.9233164489269257,"_step":50}