{"val_recall":0.3622928857803345,"best_val_f1":0.07151958346366882,"best_epoch":13,"train_loss":0.8738299608230591,"val_loss":0.9283675670623779,"_runtime":318.531216366,"train_f1":0.211124449968338,"train_precision":0.11878585815429688,"val_f1":0.06494997441768646,"_wandb":{"runtime":318},"epoch":50,"val_precision":0.03567258268594742,"lr":1e-06,"_timestamp":1.7485763400694048e+09,"train_recall":0.9482493996620178,"_step":50}