{"val_loss":0.9284144639968872,"lr":5e-06,"epoch":50,"train_loss":0.5498023748397827,"_runtime":327.243786689,"train_f1":0.17666476964950562,"val_precision":0.03475908562541008,"best_val_f1":0.07394908368587494,"val_f1":0.06271280348300934,"_timestamp":1.7485770085689282e+09,"val_recall":0.32031211256980896,"_step":50,"best_epoch":35,"train_precision":0.09756115078926086,"_wandb":{"runtime":327},"train_recall":0.9337981939315796}