{"train_f1":0.06012856587767601,"val_recall":0.019892927259206772,"val_f1":0.02567223832011223,"train_loss":0.9249692022800445,"train_precision":0.06504689902067184,"val_precision":0.03618462756276131,"_step":50,"best_epoch":12,"lr":1.5625e-05,"best_val_f1":0.07760463654994965,"_runtime":327.647178838,"val_loss":0.930207484960556,"_timestamp":1.7485658502590132e+09,"train_recall":0.055901721119880676,"_wandb":{"runtime":327},"epoch":50}