{"_runtime":323.831027476,"_timestamp":1.7485694773100865e+09,"val_f1":0.0007574225892312825,"train_loss":0.26412667632102965,"train_f1":0.6693116426467896,"best_epoch":8,"train_recall":0.520850419998169,"val_recall":0.0003803815634455532,"_step":50,"lr":6.25e-06,"val_loss":0.9280800640583038,"best_val_f1":0.07561640441417694,"_wandb":{"runtime":323},"val_precision":0.08624708652496338,"epoch":50,"train_precision":0.9361476302146912}