{"epoch":50,"val_precision":0.0298593919724226,"best_val_f1":0.07760463654994965,"train_loss":0.941999363899231,"train_recall":0.06852760910987854,"_step":50,"best_epoch":12,"_timestamp":1.7485553735104926e+09,"train_f1":0.04783642664551735,"val_f1":0.007626947481185198,"lr":0.000125,"val_recall":0.00437181768938899,"_wandb":{"runtime":316},"val_loss":0.9304964482784271,"_runtime":316.178334253,"train_precision":0.0367424376308918}