{"train_precision":0.2854466438293457,"best_val_f1":0.07369863241910934,"train_f1":0.4410632848739624,"val_precision":0.036065515130758286,"epoch":50,"train_recall":0.9697297811508179,"lr":1e-06,"train_loss":0.6820904195308686,"_runtime":317.151253327,"val_f1":0.06480753421783447,"val_loss":0.9272418022155762,"val_recall":0.31915298104286194,"_step":50,"_wandb":{"runtime":317},"_timestamp":1.7485586168913627e+09,"best_epoch":7}