{"epoch":50,"val_recall":0.00022360267757903785,"val_loss":0.9281953334808349,"lr":1e-06,"best_epoch":8,"train_precision":0.9235814213752747,"_timestamp":1.7485684875993989e+09,"train_loss":0.2721127688884735,"best_val_f1":0.07561640441417694,"_runtime":319.163900282,"train_recall":0.506804883480072,"_wandb":{"runtime":319},"train_f1":0.6544743180274963,"val_f1":0.0004431969136931002,"_step":50,"val_precision":0.024722931906580925}