{"best_epoch":8,"train_precision":0.08964493125677109,"train_loss":0.8883141040802002,"best_val_f1":0.074840247631073,"train_recall":0.0630345270037651,"val_f1":0.014024284668266773,"train_f1":0.07402077317237854,"val_loss":0.9293019533157348,"val_recall":0.008838730864226818,"_timestamp":1.748554724802589e+09,"_step":50,"val_precision":0.033931247889995575,"epoch":50,"_wandb":{"runtime":321},"_runtime":321.504618503,"lr":1.5625e-05}