{"train_loss":0.1618538275361061,"train_recall":0.9567328095436096,"_step":50,"_wandb":{"runtime":329},"lr":2.5e-06,"_timestamp":1.7485715042379456e+09,"best_val_f1":0.07369863241910934,"val_loss":0.9292032182216644,"val_recall":0.002534163650125265,"val_f1":0.004754167050123215,"train_precision":0.961083173751831,"epoch":50,"train_f1":0.9589030146598816,"best_epoch":7,"_runtime":329.696628285,"val_precision":0.038349345326423645}