{"train_recall":0.9523487091064453,"epoch":50,"val_f1":0.06403034180402756,"train_precision":0.1686822474002838,"_wandb":{"runtime":333},"best_val_f1":0.07627664506435394,"val_recall":0.33832883834838867,"_runtime":333.278241666,"train_loss":0.6612648665904999,"_timestamp":1.7485698169824288e+09,"val_precision":0.03536131978034973,"train_f1":0.2866010367870331,"val_loss":0.9276024341583252,"best_epoch":11,"lr":1e-06,"_step":50}