{"best_val_f1":0.07561640441417694,"val_recall":0.00022360267757903785,"epoch":50,"train_recall":0.506804883480072,"val_precision":0.024722931906580925,"_step":50,"_timestamp":1.7485625152736614e+09,"lr":1e-06,"val_loss":0.9281953334808349,"best_epoch":8,"_runtime":317.56876752,"_wandb":{"runtime":317},"train_precision":0.9235814213752747,"train_loss":0.2721127688884735,"val_f1":0.0004431969136931002,"train_f1":0.6544743180274963}