{"lr":0.000125,"_timestamp":1.748573434691847e+09,"best_val_f1":0.07675497233867645,"best_epoch":19,"val_precision":0.03326842561364174,"train_f1":0.07956624031066895,"train_precision":0.0845159962773323,"train_recall":0.07516419142484665,"val_loss":0.9307036638259888,"_step":50,"_wandb":{"runtime":312},"val_f1":0.016999520361423492,"epoch":50,"val_recall":0.011416587047278881,"train_loss":0.9115075469017029,"_runtime":312.461793123}