{"train_f1":0.6693116426467896,"best_epoch":8,"train_precision":0.9361476302146912,"val_precision":0.08624708652496338,"best_val_f1":0.07561640441417694,"val_recall":0.0003803815634455532,"_runtime":321.976666036,"_timestamp":1.7485634928583722e+09,"lr":6.25e-06,"train_loss":0.26412667632102965,"train_recall":0.520850419998169,"val_f1":0.0007574225892312825,"_step":50,"val_loss":0.9280800640583038,"epoch":50,"_wandb":{"runtime":321}}