{"best_val_f1":0.08219455927610397,"train_recall":0.05400308966636658,"val_f1":0.04007270932197571,"_step":50,"_wandb":{"runtime":312},"train_f1":0.0576186440885067,"train_loss":0.926796019077301,"_runtime":312.527583925,"val_recall":0.03629045560956001,"epoch":50,"lr":1.5625e-05,"val_precision":0.044735074043273926,"train_precision":0.06175306811928749,"_timestamp":1.7485718218211725e+09,"best_epoch":8,"val_loss":0.924144959449768}