{"val_precision":0.033931247889995575,"train_recall":0.0630345270037651,"train_precision":0.08964493125677109,"val_loss":0.9293019533157348,"_wandb":{"runtime":325},"train_f1":0.07402077317237854,"train_loss":0.8883141040802002,"_step":50,"best_epoch":8,"val_f1":0.014024284668266773,"best_val_f1":0.074840247631073,"_timestamp":1.7485661823838785e+09,"lr":1.5625e-05,"epoch":50,"_runtime":325.193797041,"val_recall":0.008838730864226818}