{"val_f1":0,"train_f1":0.9089023470878601,"_timestamp":1.7485743757729468e+09,"val_recall":0,"train_precision":0.9705578088760376,"train_recall":0.8546123504638672,"epoch":50,"best_epoch":11,"val_precision":0,"_wandb":{"runtime":308},"val_loss":0.9292394399642945,"lr":1.5625e-06,"train_loss":0.07924070358276367,"best_val_f1":0.015826726332306862,"_runtime":308.276937337,"_step":50}