{"_timestamp":1.7485543892017286e+09,"best_val_f1":0.07760463654994965,"_wandb":{"runtime":320},"val_recall":0.019892927259206772,"val_loss":0.930207484960556,"train_loss":0.9249692022800445,"_runtime":320.610969026,"val_precision":0.03618462756276131,"epoch":50,"train_recall":0.055901721119880676,"best_epoch":12,"val_f1":0.02567223832011223,"lr":1.5625e-05,"_step":50,"train_precision":0.06504689902067184,"train_f1":0.06012856587767601}