{"train_precision":0.19241075217723846,"_timestamp":1.7485701548377194e+09,"train_loss":0.6809350490570069,"_wandb":{"runtime":331},"_step":50,"val_f1":0.06427741795778275,"train_recall":0.9629637598991394,"best_val_f1":0.07632248848676682,"_runtime":331.565060422,"train_f1":0.3207350969314575,"best_epoch":9,"val_precision":0.035704489797353745,"val_loss":0.9278248369693756,"lr":1e-06,"epoch":50,"val_recall":0.32180795073509216}